,Name,Mean_Temp,Median_Temp,STD_Temp,Min_Temp,Max_Temp,Mean_Rain,Median_Rain,STD_Rain,Min_Rain,Max_Rain
0,Anderson County,67.22,67.7,0.8729261137118111,66.0,68.0,45.465999999999994,45.23,10.556186811533792,35.32,62.36
1,Andrews County,64.92,65.5,1.2794530081249564,63.4,66.2,9.704,8.93,1.9901331613738815,8.33,13.14
2,Angelina County,68.52000000000001,68.5,0.7463243262818154,67.8,69.5,52.10799999999999,48.16,14.749668470850455,40.16,76.44
3,Aransas County,73.7,74.1,1.0677078252031342,72.3,74.9,32.44,28.36,12.634589427440847,22.05,54.46
4,Archer County,65.86,65.8,1.1458621208504984,64.3,67.2,28.054,25.93,5.111421524390255,22.46,34.99
5,Armstrong County,61.14,60.8,0.99146356463564,60.3,62.7,19.826,20.55,2.4304485182780566,16.01,22.61
6,Atascosa County,72.22,72.6,0.909395403551174,71.1,73.1,21.496,23.67,6.097473247173784,13.87,28.71
7,Austin County,71.62,72.0,1.112205017071939,70.2,72.7,38.77,36.51,9.716910517237462,27.88,49.41
8,Bailey County,59.7,60.1,0.9695359714832632,58.7,60.9,16.406,17.23,2.174851719083396,13.54,18.94
9,Bandera County,68.8,69.1,1.0416333327999838,67.3,69.8,22.678,21.41,6.471407883915214,13.67,29.33
10,Bastrop County,70.67999999999999,71.3,1.2457929201917963,69.1,71.9,33.226,31.48,6.698819298951124,25.4,42.56
11,Baylor County,66.06,66.1,1.1523888232710366,64.4,67.4,26.254,24.8,3.4480327724660627,22.33,30.67
12,Bee County,72.82000000000001,73.5,1.1278297743897348,71.5,73.9,27.254,24.72,8.433518245667107,21.09,41.97
13,Bell County,68.64,68.7,1.165332570556577,67.1,69.9,28.51,28.25,5.866928497945071,20.68,34.29
14,Bexar County,71.28,72.0,1.1691877522451206,69.6,72.2,23.012,22.2,7.944946192391739,12.85,34.98
15,Blanco County,68.74,69.2,1.1886967653695384,67.1,69.8,25.089999999999996,28.26,7.908504915595614,13.03,32.76
16,Borden County,65.1,65.6,1.305756485720061,63.1,66.5,16.544,16.66,4.039168231208005,10.59,21.33
17,Bosque County,67.74,67.6,0.9181503144910408,66.4,68.7,32.416,32.32,7.928188948303389,20.15,40.75
18,Bowie County,65.76,66.1,0.9154233993076532,64.7,66.8,53.48199999999999,52.91,5.640289886167198,45.34,60.11
19,Brazoria County,71.97999999999999,72.0,0.679705818718649,71.2,72.7,44.922,37.57,12.071610083166204,35.35,60.87
20,Brazos County,69.88,70.1,1.0894952959971869,68.6,71.0,38.084,34.82,6.731495376214706,32.31,48.12
21,Brewster County,67.78,68.3,1.1189280584559556,66.3,68.9,9.846,10.3,2.133513534055971,6.3,12.08
22,Briscoe County,62.14,62.0,0.9016651263079914,61.3,63.5,20.128,21.04,2.4788041471645155,16.08,22.54
23,Brooks County,75.34,75.9,1.1653325705565818,73.8,76.4,22.102,22.13,3.4639168581246285,18.8,27.66
24,Brown County,67.38,67.2,1.0545141061171244,65.8,68.4,25.677999999999997,25.98,5.3543785820578655,18.01,33.13
25,Burleson County,70.22,70.5,1.1713240371477094,68.8,71.4,36.972,34.09,6.671684195163914,29.84,44.52
26,Burnet County,68.52000000000001,68.7,1.1945710527214382,66.8,69.6,27.548,28.11,5.753717928435491,18.96,33.03
27,Caldwell County,71.46000000000001,72.2,1.312630945848835,69.8,72.7,28.814,25.95,7.835702265910822,20.15,40.76
28,Calhoun County,72.9,73.5,0.972111104761181,71.7,73.8,38.024,35.18,11.100652233089733,28.83,56.29
29,Callahan County,66.1,66.3,1.1768602295939783,64.2,67.2,26.702,26.58,6.009073971919467,18.55,34.56
30,Cameron County,76.2,76.7,1.1789826122551603,74.5,77.4,29.583999999999996,29.74,6.014601399926683,23.57,38.32
31,Camp County,66.16,66.5,1.1148990985735,64.8,67.4,46.85,45.32,6.305116969573206,41.05,57.64
32,Carson County,60.1,59.6,1.1423659658795875,59.0,61.9,20.532,21.22,3.3077515021536916,15.93,23.57
33,Cass County,65.98,66.4,0.9576011695899324,64.9,66.9,53.14,51.97,5.25467410978074,46.39,60.88
34,Castro County,59.52,59.9,1.156287161564982,58.2,61.0,17.212,17.25,2.972510723277546,12.47,20.45
35,Chambers County,71.03999999999999,71.5,0.9889388252060852,69.7,72.0,49.796,46.06,10.85170631744151,39.21,66.24
36,Cherokee County,67.3,67.7,0.7778174593052006,66.2,68.1,49.32,46.33,11.37989015764212,40.72,68.67
37,Childress County,64.12,63.9,0.9884331034521284,63.0,65.7,20.288,20.08,2.751648596750682,16.48,24.13
38,Clay County,65.47999999999999,65.3,1.1344602240713395,64.0,66.8,31.101999999999997,28.54,5.851629687531499,25.01,38.71
39,Cochran County,60.54,60.9,0.9555103348473022,59.5,61.7,14.813999999999998,15.3,1.6048146310399838,12.18,16.45
40,Coke County,66.72,67.1,1.323631368621939,64.7,68.1,19.122,19.37,3.356273230832078,13.82,23.0
41,Coleman County,67.02000000000001,67.0,1.1099549540409273,65.3,68.0,24.576,22.93,5.488249265476195,18.53,33.17
42,Collin County,66.72,66.5,0.936482781475453,65.9,68.2,38.61,39.48,3.6239964128017546,34.03,43.49
43,Collingsworth County,62.34,62.1,0.9736529155710476,61.3,63.9,21.418,21.61,2.270048457632568,17.69,23.73
44,Colorado County,72.1,72.3,1.1067971810589263,70.9,73.2,38.972,37.79,10.181960518485624,29.71,53.95
45,Comal County,70.16,70.9,1.2320714265009212,68.5,71.3,25.686,26.85,7.727407715398482,15.03,36.12
46,Comanche County,67.47999999999999,67.4,1.0305338422390595,65.9,68.5,28.064,29.23,6.469283577027674,17.91,35.4
47,Concho County,67.12,67.3,1.1606032913963296,65.4,68.2,21.874,22.99,3.6882827982680495,16.28,25.12
48,Cooke County,65.41999999999999,65.3,1.0616025621672236,64.1,66.8,36.932,36.51,3.7287826431692146,31.73,41.93
49,Coryell County,67.96000000000001,68.0,1.0784247771634323,66.4,69.1,27.664,28.27,6.800156615843491,17.42,34.14
50,Cottle County,64.53999999999999,64.2,0.915423399307666,63.6,65.9,21.788,22.15,3.611020631345104,16.46,25.72
51,Crane County,68.4,69.2,1.343502884254452,66.8,69.7,8.736,8.49,1.699891172987259,6.42,11.08
52,Crockett County,67.86,68.4,1.2461942063739406,66.2,69.1,13.134,12.09,1.9725313685718664,11.59,16.21
53,Crosby County,62.7,62.7,0.9513148795220188,61.6,64.1,18.857999999999997,19.22,3.319762039664891,14.25,23.52
54,Culberson County,64.32000000000001,64.8,1.1432410069622196,62.7,65.5,10.028,11.34,3.4569596468573365,5.75,13.33
55,Dallam County,56.239999999999995,56.3,0.8049844718999264,55.4,57.5,14.772,15.72,3.726750595357838,10.11,19.86
56,Dallas County,67.64000000000001,67.4,0.8734987120769055,66.7,68.7,39.442,38.63,4.285670309298185,35.8,46.31
57,Dawson County,63.82000000000001,64.2,1.1966620241321255,62.1,65.2,14.704,15.41,2.956700864138948,10.01,17.61
58,DeWitt County,72.46000000000001,73.2,1.3011533345459323,71.0,73.7,32.292,32.64,8.22213293495064,23.25,45.17
59,Deaf Smith County,58.879999999999995,59.0,1.0256705123966434,57.7,60.3,16.375999999999998,17.14,4.053816720079978,10.94,22.03
60,Delta County,65.52000000000001,65.3,0.8729261137118056,64.4,66.5,46.94199999999999,47.87,4.138184384485544,40.61,51.29
61,Denton County,66.88,66.8,1.032956920689336,65.6,68.1,34.83,36.95,4.721657547938013,28.76,39.59
62,Dickens County,64.17999999999999,64.1,0.8757853618324511,63.0,65.3,21.482,21.76,4.506680596625414,14.61,26.95
63,Dimmit County,73.6,74.1,1.234908903522845,72.2,75.0,16.259999999999998,14.88,3.5277825896730093,12.82,21.75
64,Donley County,61.56,61.3,0.98893882520609,60.6,63.1,21.068,22.09,2.555087082664699,17.06,23.36
65,Duval County,74.26,74.7,1.234098861517991,72.8,75.5,21.222,20.91,3.2872283157699886,16.62,25.54
66,Eastland County,66.38,66.6,1.1189280584559511,64.6,67.4,28.562,27.41,6.398599065420493,19.23,36.05
67,Ector County,66.38,67.0,1.3274034804836137,64.8,67.6,8.565999999999999,8.28,1.7818192949903755,6.74,11.48
68,Edwards County,68.52000000000001,68.7,1.1497825881443884,67.3,69.9,18.04,16.91,3.815140888617352,14.01,22.27
69,El Paso County,66.06,66.4,1.219836054558154,64.5,67.6,7.568,7.36,2.7545181066749227,4.66,10.65
70,Ellis County,67.7,67.5,0.9407443861113431,66.5,68.7,39.306,39.02,5.770899409970685,31.06,47.07
71,Erath County,67.67999999999999,67.7,1.0425929215182697,66.0,68.6,27.630000000000003,28.21,7.109500685702198,16.38,36.02
72,Falls County,68.24,68.2,0.9016651263079858,67.1,69.4,34.332,35.91,6.1707673752945835,25.78,41.77
73,Fannin County,65.62,65.3,0.8438009243891552,64.7,66.7,43.198,42.45,3.544188200420511,40.35,49.26
74,Fayette County,71.64,72.1,1.2641202474448383,70.1,72.9,36.382,33.6,8.430956054920463,28.04,47.96
75,Fisher County,66.08,66.3,1.1366617790706297,64.3,67.3,20.854000000000003,22.51,4.489613569117058,14.44,24.76
76,Floyd County,61.2,61.2,0.908295106229247,60.3,62.6,19.302,20.03,3.246655201896254,14.46,22.31
77,Foard County,65.26,65.0,1.0502380682492871,63.9,66.7,23.85,24.65,3.1728457258429685,18.93,27.03
78,Fort Bend County,72.06,72.2,0.8294576541331076,71.2,72.9,42.522000000000006,37.51,10.712640664187331,32.67,54.14
79,Franklin County,65.7,65.7,1.0246950765959597,64.4,66.8,47.152,45.05,6.706308224351159,42.24,58.87
80,Freestone County,67.76,68.2,1.1371015785759824,66.4,68.9,41.0,40.79,7.667180055274561,33.44,52.08
81,Frio County,72.47999999999999,72.7,1.1300442469213332,71.0,73.8,18.794,18.45,3.8113488426015265,14.68,24.06
82,Gaines County,63.32000000000001,63.7,1.1189280584559498,61.9,64.5,12.052,13.24,2.7292068444879733,8.17,14.98
83,Galveston County,71.97999999999999,72.1,0.7854934754662145,70.9,72.8,46.236,40.93,11.870911085506457,36.19,64.04
84,Garza County,64.86,65.1,1.1970797801316335,63.2,66.3,18.306,19.61,3.8412276683372983,12.34,22.31
85,Gillespie County,67.36,67.5,1.021273714534941,65.8,68.3,24.872,25.99,6.386279824749304,15.76,32.29
86,Glasscock County,66.17999999999999,66.8,1.1734564329364694,64.5,67.1,13.482,14.27,3.0946195242711174,9.43,17.22
87,Goliad County,72.67999999999999,73.2,1.1432410069622174,71.4,73.8,30.845999999999997,28.32,8.87014825129772,24.45,45.98
88,Gonzales County,72.26,73.0,1.4959946523968597,70.4,73.6,29.086,29.84,8.920239907087701,18.46,42.61
89,Gray County,60.6,60.4,1.26293309403151,59.4,62.6,22.904000000000003,22.6,2.7929786966606116,18.64,25.89
90,Grayson County,65.66,65.6,0.9736529155710484,64.6,67.0,39.251999999999995,40.46,3.431598752768162,35.37,42.42
91,Gregg County,66.42,67.0,1.0377861051295667,65.1,67.3,48.864,47.16,10.204799361084962,38.84,65.95
92,Grimes County,69.94,70.2,1.013903348450923,68.6,71.0,42.71,38.52,9.557873717516884,35.51,58.39
93,Guadalupe County,71.56,72.2,1.364917579929282,69.8,72.7,27.272,26.31,9.28851548957098,16.05,41.82
94,Hale County,60.58,60.7,0.9884331034521237,59.6,62.1,18.566,19.42,2.8937138766643824,13.52,20.94
95,Hall County,63.52,63.2,0.9038805230781364,62.6,64.9,20.644,21.15,2.7499690907353846,16.22,23.81
96,Hamilton County,67.64,67.7,1.0502380682492898,66.0,68.6,26.68,26.79,6.535832005184955,16.55,32.91
97,Hansford County,59.3,59.1,1.022252415013042,58.3,60.9,18.852,20.77,5.183533543828959,10.99,24.22
98,Hardeman County,64.76,64.6,1.0212737145349435,63.5,66.3,22.578,23.02,1.9336933572828976,19.29,24.43
99,Hardin County,69.42,69.6,1.0401922899156684,68.3,70.6,56.54,52.95,13.4559522145406,41.25,77.68
100,Harris County,71.76,72.2,0.9343446901438492,70.7,72.6,45.254,39.76,10.12753573185501,36.42,59.28
101,Harrison County,66.42,67.0,0.8899438184514776,65.4,67.2,52.456,49.8,11.796206169781875,41.98,72.5
102,Hartley County,57.5,57.4,0.8631338250816046,56.7,58.9,14.648,15.69,3.136737158258563,10.43,18.23
103,Haskell County,66.14,66.1,1.260158720161866,64.3,67.5,23.984,24.27,3.757283593235944,18.31,28.85
104,Hays County,69.7,70.4,1.2144957801491068,68.1,70.8,27.382,26.45,8.085516062688889,17.02,38.95
105,Hemphill County,60.36,60.2,1.3107249902248772,59.3,62.5,23.238,22.59,4.6556814753588975,17.11,29.2
106,Henderson County,66.67999999999999,67.0,1.080277742064512,65.3,67.7,43.558,44.81,7.194127466204639,34.25,53.73
107,Hidalgo County,76.32,77.1,1.3292855223765825,74.6,77.6,24.624,22.78,6.626343637331224,19.94,35.98
108,Hill County,67.8,67.7,0.9695359714832636,66.5,68.8,35.980000000000004,34.13,8.428273844625599,24.53,46.48
109,Hockley County,61.17999999999999,61.4,0.9523654760647294,60.2,62.5,16.312,16.76,1.515130357428033,13.65,17.43
110,Hood County,67.62,67.6,1.1388590782006347,65.9,68.7,33.204,35.96,6.544026283565801,22.04,38.7
111,Hopkins County,65.6,65.5,0.9746794344809018,64.3,66.7,45.776,45.33,5.66731682544747,39.39,54.54
112,Houston County,67.92,68.2,0.7726577508832809,67.0,68.7,49.396,45.88,12.1883747891177,40.47,70.03
113,Howard County,65.96000000000001,66.5,1.2778888840583895,64.0,67.2,14.488,14.6,3.852118897438136,9.09,19.31
114,Hudspeth County,63.82000000000001,64.3,1.025670512396648,62.3,64.9,8.994,8.73,3.455058610211989,5.23,13.0
115,Hunt County,66.16,66.0,0.9071934744033422,65.1,67.4,43.832,43.57,5.867168823205958,37.17,53.04
116,Hutchinson County,60.82000000000001,60.4,1.1300442469213314,59.7,62.5,19.316,19.2,4.349060818153733,13.85,24.44
117,Irion County,66.7,66.9,1.146734494117974,65.0,67.9,17.878,17.12,4.0114423839811035,12.29,22.31
118,Jack County,65.53999999999999,65.6,1.2759310326189306,63.8,66.8,31.81,33.71,4.568714261146126,25.62,36.19
119,Jackson County,72.38000000000001,72.9,0.9959919678390988,71.2,73.2,38.94199999999999,34.91,10.2763986882565,28.94,55.23
120,Jasper County,68.46,68.5,0.9181503144910382,67.5,69.6,55.25599999999999,51.91,15.0745722990737,37.05,77.5
121,Jeff Davis County,63.46,63.9,1.2461942063739495,61.7,64.8,12.778,14.78,4.69718745634023,7.12,17.19
122,Jefferson County,70.56,70.7,1.1349008767288846,69.3,71.8,53.848,52.56,10.466041276433032,40.91,67.71
123,Jim Hogg County,75.24,75.7,1.1282730166054686,73.8,76.4,20.512,19.6,3.114108219057264,16.87,25.35
124,Jim Wells County,74.32000000000001,74.9,1.0545141061171237,72.9,75.3,22.874,20.94,4.870685783336881,19.38,31.05
125,Johnson County,67.38000000000001,67.2,1.0545141061171237,65.9,68.4,34.076,34.11,5.003941446499949,26.72,39.79
126,Jones County,66.12,66.3,1.1777096416349893,64.3,67.4,23.49,23.71,4.6226237138664015,16.64,28.87
127,Karnes County,72.1,72.8,1.1979148550710903,70.7,73.2,28.218,28.25,7.054181029715638,20.42,38.54
128,Kaufman County,66.88,66.8,0.8318653737234196,65.8,67.8,40.866,40.35,7.384201378619085,32.82,52.3
129,Kendall County,68.64,69.1,1.059716943339114,67.1,69.6,24.262,26.45,7.044027257187467,14.81,32.29
130,Kenedy County,75.36,75.9,1.169615321377076,73.7,76.5,25.742,28.0,5.493006462766997,19.06,31.86
131,Kent County,65.66,65.8,1.0089598604503525,64.2,66.8,20.24,21.83,4.57287108937044,12.94,24.63
132,Kerr County,67.1,67.3,1.0222524150130443,65.6,68.1,23.29,23.07,6.639627248573522,14.27,30.1
133,Kimble County,67.17999999999999,67.2,1.098635517357779,65.6,68.3,22.594,24.29,4.371747934179188,15.1,26.16
134,King County,65.53999999999999,65.3,0.9502631214563656,64.2,66.6,22.712,23.13,4.972984013648144,15.4,27.48
135,Kinney County,72.16,72.6,1.361249426078851,70.7,73.8,15.742,16.44,3.1224541629942304,11.16,19.37
136,Kleberg County,74.97999999999999,75.3,1.0779610382569464,73.4,76.0,21.616,20.22,3.750777252783749,18.32,27.21
137,Knox County,65.92,65.8,1.1166915420114945,64.3,67.2,24.479999999999997,25.24,4.137094390994724,18.65,29.96
138,La Salle County,73.64,74.1,1.4842506526863912,72.1,75.6,18.9,19.05,3.4095600889264297,13.94,23.53
139,Lamar County,64.97999999999999,64.8,0.7694153624668526,64.0,65.9,47.248000000000005,49.07,3.4387963010332565,42.05,50.25
140,Lamb County,60.0,60.2,0.9924716620639624,58.9,61.4,17.266,18.14,1.7583315955757608,14.25,18.55
141,Lampasas County,67.94,68.0,1.1696153213770788,66.2,69.0,28.156,29.63,5.873459798108777,20.04,35.48
142,Lavaca County,72.5,73.0,1.1683321445547907,71.2,73.7,34.388,34.21,8.725601411937173,25.11,47.45
143,Lee County,70.26,70.7,1.25019998400257,68.6,71.4,37.221999999999994,35.8,7.539115995924189,27.83,46.48
144,Leon County,67.86,68.4,1.0382677881933944,66.5,68.8,43.748000000000005,37.77,10.91669226460103,36.19,61.72
145,Liberty County,70.48,71.0,0.9959919678390948,69.4,71.4,51.46,46.72,11.140931289618475,40.51,69.22
146,Limestone County,67.82000000000001,68.0,1.0545141061171277,66.5,69.0,37.266000000000005,39.24,6.177392653862956,29.24,44.82
147,Lipscomb County,59.2,59.0,1.1510864433221344,58.2,61.1,23.166,21.86,6.322545373502669,15.5,32.04
148,Live Oak County,73.06,73.7,1.2095453691366838,71.7,74.2,23.984,23.26,5.4744342173415514,19.4,32.92
149,Llano County,68.8,68.9,1.1853269591129696,67.0,69.9,26.728,28.61,4.952001615508622,18.91,31.63
150,Loving County,66.88,67.6,1.1987493482792786,65.3,68.0,8.42,9.83,2.4667488725040494,5.32,10.41
151,Lubbock County,62.08,62.0,1.008464178838297,61.1,63.7,17.952,18.97,2.185765312196165,14.22,19.63
152,Lynn County,63.120000000000005,63.5,1.171324037147704,61.5,64.6,16.724,17.12,2.765904915213102,12.82,20.21
153,Madison County,68.72,69.1,1.0134100848126544,67.4,69.6,44.67,41.32,11.091600425547252,35.89,63.22
154,Marion County,66.08,66.6,0.8526429498916845,65.1,66.8,52.446000000000005,49.22,9.047155906692446,43.85,67.19
155,Martin County,65.38000000000001,65.9,1.2716131487209386,63.7,66.7,12.176,11.48,2.8911468312764748,8.73,16.14
156,Mason County,67.94,68.1,1.2700393694685188,66.0,69.1,24.652,25.01,4.92291783396798,17.4,31.29
157,Matagorda County,72.03999999999999,72.5,0.9126883367283732,71.0,72.8,42.408,37.62,11.600865053951797,32.03,57.04
158,Maverick County,73.55999999999999,74.1,1.287633488225593,72.1,75.0,15.306,13.47,3.2971093400128546,12.74,20.35
159,McCulloch County,67.52000000000001,67.7,1.1966620241321333,65.8,68.7,24.574,24.01,3.3179255567296866,19.77,28.37
160,McLennan County,68.0,67.8,0.8366600265340707,66.9,69.1,33.666000000000004,33.15,7.687433251742742,22.53,41.77
161,McMullen County,73.28,73.8,1.3553597308463874,71.8,74.8,21.516,21.64,4.675182349384888,16.21,28.22
162,Medina County,71.28,71.6,1.0232301793829226,69.8,72.3,20.012,20.29,5.329696989510754,13.04,26.93
163,Menard County,66.76,66.9,1.173882447266331,65.0,67.9,22.542,24.31,4.2633109199306585,15.66,26.28
164,Midland County,66.4,67.0,1.254990039801104,64.9,67.6,10.458,9.37,2.147433351701514,8.63,13.62
165,Milam County,69.24,69.4,1.112654483656093,67.9,70.3,34.022000000000006,35.16,5.369317461279413,27.07,39.15
166,Mills County,67.52000000000001,67.5,1.0802777420645069,65.9,68.6,26.802,26.09,4.909360447145841,19.86,33.2
167,Mitchell County,66.6,67.1,1.2529964086141754,64.6,67.9,16.772,15.75,3.690294026226096,11.94,21.68
168,Montague County,65.34,65.2,1.1126544836560903,64.0,66.7,35.275999999999996,32.49,5.828214134707132,30.01,42.27
169,Montgomery County,70.74,71.2,1.0597169433391125,69.2,71.7,48.786,43.31,10.786831323423948,40.33,65.54
170,Moore County,59.36,58.9,0.8473488065725964,58.7,60.7,16.98,15.88,4.13607906113991,12.02,21.27
171,Morris County,66.16,66.6,1.1588787684654531,64.8,67.5,48.977999999999994,48.33,5.525678238913301,41.85,57.37
172,Motley County,63.46,63.2,0.8820430828479956,62.5,64.8,20.994,20.23,4.233022560771441,15.63,26.91
173,Nacogdoches County,67.72,67.9,0.7049822692805805,67.0,68.6,50.778,48.08,14.797250420263897,37.17,75.42
174,Navarro County,67.86,68.0,1.1480418110852928,66.4,69.0,39.446,37.56,6.838587573468661,31.7,48.44
175,Newton County,68.58,68.6,0.990959131347002,67.6,69.8,56.05800000000001,52.56,14.733656029648582,37.74,76.9
176,Nolan County,65.97999999999999,66.3,1.2477980605851304,64.0,67.3,20.684,21.54,4.317502750433402,14.85,25.7
177,Nueces County,74.47999999999999,75.0,1.134460224071341,72.9,75.6,25.914,22.98,6.734064894252205,20.85,37.41
178,Ochiltree County,59.2,59.2,1.2980754985747185,58.0,61.2,21.642000000000003,23.42,6.097857820579289,13.42,29.55
179,Oldham County,58.86,58.9,0.9235799911215038,58.0,60.3,14.912,15.45,3.832573547891807,10.39,20.44
180,Orange County,69.94000000000001,69.9,1.1545561917897242,68.7,71.2,54.866,52.81,10.983727964584707,40.23,68.69
181,Palo Pinto County,66.94,67.1,1.2421755109484314,65.1,68.1,30.26,31.75,6.858319765073659,20.0,37.4
182,Panola County,66.94,67.3,0.8324662155306861,65.9,67.7,52.526,47.93,12.148095735546375,43.76,73.56
183,Parker County,66.74,66.8,1.2033287165193112,65.0,67.9,31.28,33.24,5.125051219256253,23.06,35.53
184,Parmer County,59.34,59.6,1.0454664030948124,58.1,60.7,16.742,17.31,3.4715515263351624,11.47,21.16
185,Pecos County,67.62,68.2,1.2755391017134718,66.2,68.9,10.022,10.51,2.378165259186165,7.32,12.76
186,Polk County,69.02,69.1,0.8757853618324484,68.0,70.1,54.266,49.25,13.801482891341784,43.63,77.59
187,Potter County,60.08,59.6,1.0084641788382962,59.2,61.7,17.598,17.4,3.5911446643096947,13.22,22.9
188,Presidio County,66.72,67.1,1.143241006962215,65.2,68.0,10.77,12.0,3.1886909539809594,5.88,13.39
189,Rains County,65.88,65.8,1.0183319694480728,64.5,67.1,46.29,45.5,7.474499983276472,38.21,58.31
190,Randall County,59.779999999999994,59.6,1.0109401564880072,58.8,61.3,18.482,18.56,3.235424238025055,13.65,22.69
191,Reagan County,66.74,67.4,1.1717508267545604,65.1,67.7,14.0,13.47,2.871410803072246,10.99,17.38
192,Real County,68.4,68.5,1.0416333327999825,67.2,69.6,20.528,19.07,6.378814153116549,12.8,28.64
193,Red River County,65.1,65.1,0.7905694150420931,64.1,66.1,50.418,49.42,5.045004459859276,44.51,58.23
194,Reeves County,67.3,67.9,1.2349089035228416,65.7,68.6,9.446,11.23,3.403194087912119,5.62,12.43
195,Refugio County,73.1,73.6,1.039230484541331,71.8,74.2,32.018,27.85,12.26933861298155,21.76,53.33
196,Roberts County,60.64,60.4,1.397497763862252,59.3,62.8,21.932,22.94,3.733278719838636,16.56,26.36
197,Robertson County,68.67999999999999,69.0,1.070980858839221,67.4,69.7,37.186,34.65,6.4478081547142825,31.2,44.87
198,Rockwall County,66.82000000000001,66.6,0.8871302046486697,65.9,68.1,40.126,39.39,5.780919477038233,33.94,47.62
199,Runnels County,66.84,67.0,1.304990421420777,64.8,68.1,22.404,20.99,4.729781178870752,16.96,29.46
200,Rusk County,66.75999999999999,67.1,0.9208691546577082,65.5,67.6,49.748000000000005,46.72,11.574535411842676,41.49,69.81
201,Sabine County,68.0,68.0,0.7314369419163935,67.3,69.0,56.742,53.52,14.773138461410284,41.08,80.35
202,San Augustine County,67.96000000000001,67.9,0.642650760522388,67.3,68.8,54.424,49.81,15.167342549042662,39.07,78.41
203,San Jacinto County,69.58,69.9,0.9859006035092996,68.1,70.5,52.568,46.41,11.916134859928365,43.81,72.2
204,San Patricio County,73.6,74.2,1.1313708498984758,72.1,74.7,28.889999999999997,25.68,9.879083965631631,21.68,46.28
205,San Saba County,68.14,68.1,1.161034021896002,66.4,69.2,26.872000000000003,28.15,4.2633930149588615,21.33,32.49
206,Schleicher County,66.53999999999999,66.5,1.078424777163432,65.0,67.7,20.42,20.82,5.17892363334313,13.13,25.96
207,Scurry County,65.67999999999999,66.1,1.1627553482998945,63.9,67.0,18.546,17.14,4.588189185288679,13.68,24.7
208,Shackelford County,66.42,66.7,1.3084341787036848,64.4,67.8,26.544,27.26,4.568772263967641,19.51,31.69
209,Shelby County,67.28,67.5,0.6906518659932817,66.5,68.0,53.854,49.22,14.622109286966776,41.52,78.78
210,Sherman County,58.260000000000005,57.9,0.7829431652425377,57.7,59.6,16.330000000000002,18.13,4.48222043188418,9.44,21.1
211,Smith County,66.1,66.5,0.9924716620639616,64.8,67.0,46.744,46.71,7.966522453366967,39.03,59.13
212,Somervell County,67.86,67.8,1.035857133006292,66.3,68.9,35.9,37.35,7.32440782589282,23.3,42.23
213,Starr County,76.26,76.7,1.158878768465448,74.7,77.4,19.996,19.89,3.631030156856316,15.75,25.7
214,Stephens County,66.34,66.8,1.3315404612703297,64.3,67.7,28.692,30.78,5.547149718549159,22.24,34.59
215,Sterling County,66.36,66.8,1.2218837915284697,64.5,67.5,15.419999999999998,17.0,3.318101867031812,10.31,18.21
216,Stonewall County,65.94,66.0,1.0807404868885069,64.3,67.0,22.206,21.45,5.301908147073091,14.54,28.41
217,Sutton County,67.46,67.5,1.0114346246792252,66.3,68.6,19.05,18.68,4.613263486947174,12.91,24.74
218,Swisher County,60.220000000000006,60.3,0.9959919678391028,59.3,61.7,18.816,20.16,2.988850949779865,13.85,21.01
219,Tarrant County,67.58,67.5,1.103177229641729,66.1,68.8,33.226,32.36,2.044976772484225,31.41,36.63
220,Taylor County,66.14000000000001,66.4,1.20540449642433,64.2,67.3,23.436,23.81,5.43933176042793,16.95,30.8
221,Terrell County,69.38,70.2,1.3736811857195934,67.7,70.7,11.006,10.7,1.9490587471905512,9.29,14.27
222,Terry County,62.379999999999995,62.6,1.070980858839224,61.1,63.7,15.276,15.67,1.9757985727295175,12.69,17.83
223,Throckmorton County,66.28,66.5,1.3498148021117546,64.3,67.8,26.702,26.11,4.245370419645381,21.88,31.22
224,Titus County,66.14000000000001,66.4,1.1674759098156997,64.7,67.5,47.672,46.1,6.180964326057869,41.44,58.06
225,Tom Green County,67.0,66.9,1.178982612255166,65.3,68.3,20.448,20.35,4.101520449784445,14.1,24.79
226,Travis County,69.72,70.1,1.112205017071939,68.3,70.8,29.226,28.15,6.080479421887719,22.52,38.93
227,Trinity County,68.6,68.7,0.7416198487095713,67.8,69.5,51.84,47.61,13.30604937612964,41.81,74.66
228,Tyler County,68.47999999999999,68.6,0.925742944882642,67.4,69.6,55.374,51.34,15.565573551912566,38.34,79.78
229,Upshur County,66.08,66.6,1.0616025621672185,64.7,67.1,48.928,46.51,7.958433891162255,41.6,62.36
230,Upton County,67.62,68.4,1.3663820841916794,65.9,68.9,10.322,10.09,1.7084993415275291,7.75,12.22
231,Uvalde County,71.35999999999999,71.6,1.087658034494297,70.0,72.6,19.172,21.51,4.286935968731047,13.85,23.34
232,Val Verde County,70.67999999999999,71.3,1.287245120402481,69.2,72.0,12.77,13.24,1.217723285479916,11.1,14.05
233,Van Zandt County,66.1,66.1,0.9874208829065776,64.8,67.2,45.05800000000001,43.96,8.694119851945912,35.64,59.11
234,Victoria County,72.64,73.2,1.0526157893552597,71.4,73.6,36.548,35.59,8.564059784938447,27.56,50.45
235,Walker County,69.22,69.5,0.9731392500562296,67.8,70.2,49.266,43.59,12.89800100790816,40.68,71.52
236,Waller County,71.44,71.8,0.9939818911831332,70.1,72.3,39.96,35.91,9.516065363373668,29.59,52.67
237,Ward County,68.12,68.8,1.3217412757419655,66.5,69.4,7.692,8.96,2.2595729685053323,4.32,9.57
238,Washington County,70.86,71.3,1.154556191789725,69.3,71.9,37.94199999999999,33.66,9.10698468209978,27.75,49.37
239,Webb County,74.53999999999999,74.9,1.2895735729302202,73.0,76.2,17.676,18.64,2.933177457979657,13.62,20.45
240,Wharton County,72.12,72.4,1.013410084812657,71.0,73.1,41.989999999999995,37.36,10.823275844216482,32.55,57.86
241,Wheeler County,61.4,61.2,1.1768602295939794,60.3,63.3,22.546,22.69,2.3891693117064765,19.0,25.05
242,Wichita County,65.42,65.2,1.0733126291998978,64.0,66.8,28.446000000000005,26.91,5.118332736350775,22.48,34.43
243,Wilbarger County,65.3,65.3,1.0511898020814352,63.9,66.7,25.389999999999997,25.96,2.2393860765843843,22.61,27.97
244,Willacy County,75.82000000000001,76.4,1.2637246535539275,74.1,77.1,29.182,30.92,6.980377496955303,21.79,39.08
245,Williamson County,69.14,69.4,1.2033287165193034,67.6,70.3,30.08,32.15,4.879933401184896,23.59,35.12
246,Wilson County,71.74000000000001,72.4,1.1970797801316344,70.2,72.7,26.139999999999997,26.79,7.847907364387019,16.73,36.96
247,Winkler County,66.76,67.5,1.3520355024924529,65.1,68.0,7.742,7.87,2.2718428642844115,4.32,9.79
248,Wise County,66.2,66.1,1.124722187920195,64.7,67.4,32.708,34.68,4.724121082275516,26.17,38.17
249,Wood County,65.86,66.0,1.0807404868884949,64.4,67.1,46.884,44.71,7.638506398504879,40.35,60.03
250,Yoakum County,61.760000000000005,62.1,1.0478549517943818,60.5,62.7,12.886,14.26,2.450332630481013,10.0,15.05
251,Young County,65.92,66.1,1.2969194269498765,64.1,67.3,28.944,29.65,4.778062368785071,23.58,34.09
252,Zapata County,76.02000000000001,76.2,1.1278297743897396,74.6,77.4,17.434,18.88,3.3270226930395297,13.44,21.39
253,Zavala County,72.94,73.4,1.1304866208850115,71.6,74.2,17.218,16.62,3.0762915986622588,14.51,22.48
